age,mean,sd
1,0.001283,0.053986
2,0.001283,0.053986
3,0.001283,0.053986
4,0.001283,0.053986
5,0.001283,0.053986
6,0.001283,0.053986
7,0.001283,0.053986
